Kandidátní listina.číslo;Kandidátní listina.název;Kandidát.poř. číslo;Kandidát.příjmení, jméno, tituly;Kandidát.věk;Navrhující strana;Politická příslušnost;Povolání;Bydliště
1;Pečky srdcem​;1;Dürr Petr Ing.​;52;NK​;BEZPP​;bezpečnostní manažer a dobrovolný hasič​;Pečky​
1;Pečky srdcem​;2;Říha Dušan​;56;NK​;BEZPP​;živnostník a dobrovolný hasič​;Velké Chvalovice​
1;Pečky srdcem​;3;Kejda Ladislav​;76;NK​;BEZPP​;důchodce a včelař​;Pečky​
1;Pečky srdcem​;4;Krúpová Lenka Mgr. Bc.​;62;NK​;BEZPP​;středoškolský pedagog​;Pečky​
1;Pečky srdcem​;5;Mecera Tomáš​;44;NK​;BEZPP​;zaměstnanec Správy železnic​;Pečky​
1;Pečky srdcem​;6;Urban Jiří​;39;NK​;BEZPP​;policista​;Pečky​
1;Pečky srdcem​;7;Volková Renata​;59;NK​;BEZPP​;výpravčí​;Pečky​
1;Pečky srdcem​;8;Werkmannová Andrea​;44;NK​;BEZPP​;vedoucí pokladen​;Velké Chvalovice​
1;Pečky srdcem​;9;Peštová Zuzana​;34;NK​;BEZPP​;obsluha čerpací stanice​;Velké Chvalovice​
1;Pečky srdcem​;10;Humpoláková Martina​;40;NK​;BEZPP​;operátorka​;Velké Chvalovice​
1;Pečky srdcem​;11;Humpolák Tomáš​;47;NK​;BEZPP​;řidič​;Velké Chvalovice​
1;Pečky srdcem​;12;Werkmann David​;48;NK​;BEZPP​;expedient​;Velké Chvalovice​
1;Pečky srdcem​;13;Urbanová Andrea​;38;NK​;BEZPP​;operátorka skladu​;Pečky​
1;Pečky srdcem​;14;Pejřilová Zuzana​;19;NK​;BEZPP​;studentka​;Velké Chvalovice​
1;Pečky srdcem​;15;Gubenko Vladislav​;32;NK​;BEZPP​;živnostník​;Velké Chvalovice​
1;Pečky srdcem​;16;Werkmannová Kateřina​;22;NK​;BEZPP​;expedientka​;Velké Chvalovice​
1;Pečky srdcem​;17;Vondráček Marek​;45;NK​;BEZPP​;OSVČ​;Pečky​
1;Pečky srdcem​;18;Ludvík Milan​;42;NK​;BEZPP​;autolakýrník​;Velké Chvalovice​
1;Pečky srdcem​;19;Ludvíková Klára​;45;NK​;BEZPP​;technik montáže​;Velké Chvalovice​
1;Pečky srdcem​;20;Moravec Petr​;36;NK​;BEZPP​;operátor CNC​;Velké Chvalovice​
1;Pečky srdcem​;21;Moravcová Eliška​;43;NK​;BEZPP​;skladnice​;Velké Chvalovice​
2;NAŠE PEČKY A PEČKY NEXT​;1;Švejnohová Alena Mgr.​;47;STAN​;BEZPP​;právnička, pedagožka, starostka 2018-2022​;Pečky​
2;NAŠE PEČKY A PEČKY NEXT​;2;Lebduška Tadeáš​;21;NK​;BEZPP​;student ekonomie a managmentu, PEČKY NEXT​;Pečky​
2;NAŠE PEČKY A PEČKY NEXT​;3;Železný Jaroslav​;69;STAN​;BEZPP​;zastupitel města, fotograf​;Pečky​
2;NAŠE PEČKY A PEČKY NEXT​;4;Schulz Ondřej​;52;NK​;BEZPP​;konstuktér, technolog, zastupitel města​;Pečky​
2;NAŠE PEČKY A PEČKY NEXT​;5;Plíšková Anna​;21;NK​;BEZPP​;studentka geografie a kartografie, instruktorka plavání, PEČKY NEXT​;Pečky​
2;NAŠE PEČKY A PEČKY NEXT​;6;Houdková Lucie Mgr.​;49;NK​;BEZPP​;advokátka​;Pečky​
2;NAŠE PEČKY A PEČKY NEXT​;7;Krejčí Pavel Ing.​;45;NK​;BEZPP​;technolog odpadních vod​;Pečky​
2;NAŠE PEČKY A PEČKY NEXT​;8;Katrnoška Jiří​;68;NK​;BEZPP​;čestný občan města, předseda basket. odd. TJ Sokol Pečky, organizátor Pečecké desítky, zastupitel města​;Pečky​
2;NAŠE PEČKY A PEČKY NEXT​;9;Soukup Martin​;33;NK​;BEZPP​;podnikatel, PEČKY NEXT​;Pečky​
2;NAŠE PEČKY A PEČKY NEXT​;10;Heroldová Jaroslava Mgr. Dis.​;46;NK​;BEZPP​;vedoucí učitelka ZŠ Pečky p. o.​;Pečky​
2;NAŠE PEČKY A PEČKY NEXT​;11;Korouš Jan Ing. Ph.D.​;54;NK​;BEZPP​;projektový koordinátor​;Pečky​
2;NAŠE PEČKY A PEČKY NEXT​;12;Nedoma David​;53;NK​;BEZPP​;sládek​;Pečky​
2;NAŠE PEČKY A PEČKY NEXT​;13;Poláková Lucie​;40;NK​;BEZPP​;asistentka pedagoga, pracovnice v sociálních službách​;Pečky​
2;NAŠE PEČKY A PEČKY NEXT​;14;Vodička Libor Mgr. Ph.D.​;56;NK​;BEZPP​;vedoucí oddělení Národního muzea​;Pečky​
2;NAŠE PEČKY A PEČKY NEXT​;15;Žáková Lucie Mgr.​;42;NK​;BEZPP​;ředitelka ZŠ a MŠ Hořátev​;Pečky​
2;NAŠE PEČKY A PEČKY NEXT​;16;Španihel Jakub​;44;NK​;BEZPP​;IT konzultant​;Pečky​
2;NAŠE PEČKY A PEČKY NEXT​;17;Žák Zbyněk Mgr. Ing.​;47;NK​;BEZPP​;pedagog, výchovný poradce​;Pečky​
2;NAŠE PEČKY A PEČKY NEXT​;18;Lebduška Václav Mgr.​;60;NK​;BEZPP​;ředitel DDŠ, SVP a ZŠ Býchory​;Pečky​
2;NAŠE PEČKY A PEČKY NEXT​;19;Švejnohová Anna​;21;NK​;BEZPP​;studentka politologie a práva, PEČKY NEXT​;Pečky​
2;NAŠE PEČKY A PEČKY NEXT​;20;Nigrin Jiří Ing.​;73;NK​;BEZPP​;daňový poradce, místostarosta města 2002-2006​;Pečky​
2;NAŠE PEČKY A PEČKY NEXT​;21;Pospíšil František Ing.​;74;NK​;BEZPP​;čestný občan města, starosta města 1990-2002​;Pečky​
3;Sdružení ODS, NK​;1;Paluska Milan​;56;ODS​;ODS​;starosta města​;Pečky​
3;Sdružení ODS, NK​;2;Fejfar Zdeněk​;46;NK​;BEZPP​;místostarosta města​;Velké Chvalovice​
3;Sdružení ODS, NK​;3;Trčková Ivana​;56;NK​;BEZPP​;OSVČ​;Pečky​
3;Sdružení ODS, NK​;4;Kuprová Hana Ing.​;41;NK​;BEZPP​;projektová manažerka​;Pečky​
3;Sdružení ODS, NK​;5;Novák Miloš​;43;NK​;BEZPP​;obchodní zástupce​;Velké Chvalovice​
3;Sdružení ODS, NK​;6;Hruška Jan Ing.​;38;NK​;BEZPP​;podnikatel​;Pečky​
3;Sdružení ODS, NK​;7;Zavřel Petr Mgr. LL.M​;37;ODS​;KDU-ČSL​;ředitel Farní charity Kolín​;Pečky​
3;Sdružení ODS, NK​;8;Zedník Petr Ing.​;63;NK​;BEZPP​;OSVČ​;Pečky​
3;Sdružení ODS, NK​;9;Rumlena Michal​;58;NK​;BEZPP​;celní deklarant​;Pečky​
3;Sdružení ODS, NK​;10;Šátková Ladislava Ing.​;32;NK​;BEZPP​;geodetka​;Pečky​
3;Sdružení ODS, NK​;11;Hruška Ivan Ing. CSc.​;74;NK​;BEZPP​;důchodce​;Pečky​
3;Sdružení ODS, NK​;12;Pavlásek Milan​;61;NK​;BEZPP​;podnikatel​;Pečky​
3;Sdružení ODS, NK​;13;Holub Luboš​;44;NK​;BEZPP​;OSVČ - realitní makléř​;Pečky​
3;Sdružení ODS, NK​;14;Kupr Pavel Mgr.​;39;NK​;BEZPP​;učitel, trenér​;Pečky​
3;Sdružení ODS, NK​;15;Hrušková Tereza Mgr.​;36;NK​;BEZPP​;advokátka​;Pečky​
3;Sdružení ODS, NK​;16;Urban Milan​;77;ODS​;ODS​;důchodce​;Pečky​
3;Sdružení ODS, NK​;17;Konůpek Jan​;37;NK​;BEZPP​;rozpočtář​;Pečky​
3;Sdružení ODS, NK​;18;Křížová Věra Mgr.​;68;NK​;BEZPP​;důchodce​;Pečky​
3;Sdružení ODS, NK​;19;Müller Michal​;48;ODS​;ODS​;export manager​;Pečky​
3;Sdružení ODS, NK​;20;Lukáš Jaroslav​;65;NK​;BEZPP​;zaměstnanec v logistice​;Pečky​
3;Sdružení ODS, NK​;21;Pešková Hana​;59;NK​;BEZPP​;ředitelka mateřské školy​;Pečky​
4;Sdružení nezávislých kandidátů PEČKY PEČÁKŮM​;1;Jedlička Martin Ing.​;58;NK​;BEZPP​;příslušník bezpečnostního sboru velitel HZS ČR, 2. místostarosta​;Pečky​
4;Sdružení nezávislých kandidátů PEČKY PEČÁKŮM​;2;Pečenka Milan​;56;NK​;BEZPP​;podnikatel​;Pečky​
4;Sdružení nezávislých kandidátů PEČKY PEČÁKŮM​;3;Jedličková Šárka Ing.​;55;NK​;BEZPP​;vedoucí finančního odboru​;Pečky​
4;Sdružení nezávislých kandidátů PEČKY PEČÁKŮM​;4;Sedláček Pavel​;58;NK​;BEZPP​;provozní technik​;Pečky​
4;Sdružení nezávislých kandidátů PEČKY PEČÁKŮM​;5;Cihlářová Alena​;26;NK​;BEZPP​;učitelka ZŠ​;Pečky​
4;Sdružení nezávislých kandidátů PEČKY PEČÁKŮM​;6;Pejřil Roman​;40;NK​;BEZPP​;řidič​;Velké Chvalovice​
4;Sdružení nezávislých kandidátů PEČKY PEČÁKŮM​;7;Bašta Jaroslav​;56;NK​;BEZPP​;provozní elektrikář​;Pečky​
4;Sdružení nezávislých kandidátů PEČKY PEČÁKŮM​;8;Hájek Aleš​;46;NK​;BEZPP​;řidič​;Velké Chvalovice​
4;Sdružení nezávislých kandidátů PEČKY PEČÁKŮM​;9;Cihlář Tomáš​;34;NK​;BEZPP​;učitel ZŠ​;Pečky​
4;Sdružení nezávislých kandidátů PEČKY PEČÁKŮM​;10;Vorlíčková Kristýna​;49;NK​;BEZPP​;odborný referent​;Pečky​
4;Sdružení nezávislých kandidátů PEČKY PEČÁKŮM​;11;Hotovec Jan​;33;NK​;BEZPP​;operátor výroby​;Pečky​
4;Sdružení nezávislých kandidátů PEČKY PEČÁKŮM​;12;Říha Daniel Dušan​;21;NK​;BEZPP​;student​;Velké Chvalovice​
4;Sdružení nezávislých kandidátů PEČKY PEČÁKŮM​;13;Doležalová Jana​;31;NK​;BEZPP​;asistent pedagoga​;Pečky​
4;Sdružení nezávislých kandidátů PEČKY PEČÁKŮM​;14;Pečenka Vojtěch​;28;NK​;BEZPP​;IT konzultant​;Pečky​
4;Sdružení nezávislých kandidátů PEČKY PEČÁKŮM​;15;Hájková Radka​;43;NK​;BEZPP​;manažer výroby​;Velké Chvalovice​
4;Sdružení nezávislých kandidátů PEČKY PEČÁKŮM​;16;Suchánek Lukáš​;34;NK​;BEZPP​;servisní technik​;Pečky​
4;Sdružení nezávislých kandidátů PEČKY PEČÁKŮM​;17;Vorlíček Jiří​;20;NK​;BEZPP​;technik CETIN​;Pečky​
4;Sdružení nezávislých kandidátů PEČKY PEČÁKŮM​;18;Jeřábek Petr​;43;NK​;BEZPP​;podnikatel​;Velké Chvalovice​
4;Sdružení nezávislých kandidátů PEČKY PEČÁKŮM​;19;Zachová Dana​;41;NK​;BEZPP​;koordinátorka staveb​;Pečky​
4;Sdružení nezávislých kandidátů PEČKY PEČÁKŮM​;20;Šedina Petr​;54;NK​;BEZPP​;směnový vedoucí​;Pečky​
4;Sdružení nezávislých kandidátů PEČKY PEČÁKŮM​;21;Korčák Václav​;49;NK​;BEZPP​;podnikatel​;Pečky​
5;Lidé pro Pečky a Velké Chvalovice s podporou SPD​;1;Vosecká Jaroslava​;64;SPD​;SPD​;výpravčí, městská zastupitelka​;Pečky​
5;Lidé pro Pečky a Velké Chvalovice s podporou SPD​;2;Hromádko Jan​;52;NK​;BEZPP​;energetický manažer Krajského úřadu Středočeského kraje​;Pečky​
5;Lidé pro Pečky a Velké Chvalovice s podporou SPD​;3;Toninger Karel​;54;NK​;BEZPP​;dispečer letecké dopravy - odbavení leteckého nákladu​;Velké Chvalovice​
5;Lidé pro Pečky a Velké Chvalovice s podporou SPD​;4;Růžička Tomáš​;54;SPD​;SPD​;elektrikář​;Pečky​
5;Lidé pro Pečky a Velké Chvalovice s podporou SPD​;5;Metelák Lubomír​;63;SPD​;SPD​;bezpečnostní pracovník - dohled pultu centrální ochrany​;Pečky​
5;Lidé pro Pečky a Velké Chvalovice s podporou SPD​;6;Funda Michal​;54;NK​;BEZPP​;řidič​;Pečky​
5;Lidé pro Pečky a Velké Chvalovice s podporou SPD​;7;Tóth Milan​;69;SPD​;SPD​;stavař​;Velké Chvalovice​
5;Lidé pro Pečky a Velké Chvalovice s podporou SPD​;8;Špičáková Aneta​;37;NK​;BEZPP​;výtvarnice​;Pečky​
5;Lidé pro Pečky a Velké Chvalovice s podporou SPD​;9;Musil Lukáš​;18;NK​;BEZPP​;student​;Pečky​
5;Lidé pro Pečky a Velké Chvalovice s podporou SPD​;10;Szöcs Viliam​;75;NK​;BEZPP​;technik​;Pečky​
5;Lidé pro Pečky a Velké Chvalovice s podporou SPD​;11;Kurka Pavel​;53;NK​;BEZPP​;pracovník bezpečnostní agentury​;Velké Chvalovice​
5;Lidé pro Pečky a Velké Chvalovice s podporou SPD​;12;Němec Pavel​;52;NK​;BEZPP​;zástupce vedoucího skladu​;Velké Chvalovice​
5;Lidé pro Pečky a Velké Chvalovice s podporou SPD​;13;Novotný Jakub​;25;NK​;BEZPP​;instalační technik​;Pečky​
5;Lidé pro Pečky a Velké Chvalovice s podporou SPD​;14;Vejdovská Iveta​;59;NK​;BEZPP​;vedoucí oddělení ekonomiky - České dráhy​;Pečky​
5;Lidé pro Pečky a Velké Chvalovice s podporou SPD​;15;Kopejtko Michal​;47;NK​;BEZPP​;operátor výroby​;Pečky​
5;Lidé pro Pečky a Velké Chvalovice s podporou SPD​;16;Jarošová Eliška​;28;NK​;BEZPP​;číšnice​;Velké Chvalovice​
5;Lidé pro Pečky a Velké Chvalovice s podporou SPD​;17;Vosmanský Jaromír​;43;NK​;BEZPP​;strojvedoucí​;Pečky​
5;Lidé pro Pečky a Velké Chvalovice s podporou SPD​;18;Vedral Milan​;42;NK​;BEZPP​;operátor výroby​;Pečky​
5;Lidé pro Pečky a Velké Chvalovice s podporou SPD​;19;Charous Pavel​;47;NK​;BEZPP​;operátor výroby​;Pečky​
5;Lidé pro Pečky a Velké Chvalovice s podporou SPD​;20;Růžička Miroslav​;69;NK​;BEZPP​;dispečer​;Pečky​
5;Lidé pro Pečky a Velké Chvalovice s podporou SPD​;21;Chrastný Milan​;66;NK​;BEZPP​;instalatér​;Pečky​
